PT	AU	BA	BE	GP	AF	BF	CA	TI	SO	SE	BS	LA	DT	CT	CY	CL	SP	HO	DE	ID	AB	C1	RP	EM	RI	OI	FU	FX	CR	NR	TC	Z9	U1	U2	PU	PI	PA	SN	EI	BN	J9	JI	PD	PY	VL	IS	PN	SU	SI	MA	BP	EP	AR	DI	D2	EA	PG	WC	SC	GA	UT	PM	OA	HC	HP	DA
J	Pi, PH; Mu, W; Fei, G; Deng, YL				Pi, Pihui; Mu, Wei; Fei, George; Deng, Yulin			Superhydrophobic film fabricated by controlled microphase separation of PEO-PLA mixture and its transparence property	APPLIED SURFACE SCIENCE																Mu, Wei/D-7862-2017	Mu, Wei/0000-0001-7565-084X												0169-4332					MAY 15	2013	273						184	191		10.1016/j.apsusc.2013.02.011							WOS:000317581700028						
J	Bae, GY; Jang, J; Jeong, YG; Lyoo, WS; Min, BG				Bae, Geun Yeol; Jang, Jinho; Jeong, Young Gyu; Lyoo, Won Seok; Min, Byung Gil			Superhydrophobic PLA fabrics prepared by UV photo-grafting of hydrophobic silica particles possessing vinyl groups	JOURNAL OF COLLOID AND INTERFACE SCIENCE																	Jeong, Young Gyu/0000-0001-6660-1309												0021-9797	1095-7103				APR 15	2010	344	2					584	587		10.1016/j.jcis.2010.01.024							WOS:000275799100048	20138632					
J	Wang, XL; Pan, YM; Yuan, H; Su, M; Shao, CG; Liu, CT; Guo, ZH; Shen, CY; Liu, XH				Wang, Xiaolong; Pan, Yamin; Yuan, Huan; Su, Meng; Shao, Chunguang; Liu, Chuntai; Guo, Zhanhu; Shen, Changyu; Liu, Xianhu			Simple fabrication of superhydrophobic PLA with honeycomb-like structures for high-efficiency oil-water separation	CHINESE CHEMICAL LETTERS																Liu, Chun-Tai/E-7559-2016; Liu, Xianhu/AAE-7820-2019	Liu, Chun-Tai/0000-0001-9751-6270; Liu, Xianhu/0000-0002-4975-3586												1001-8417	1878-5964				FEB	2020	31	2					365	368		10.1016/j.cclet.2019.07.044							WOS:000510956700013						
J	Gu, JC; Xiao, P; Chen, P; Zhang, L; Wang, HL; Dai, LW; Song, LP; Huang, YJ; Zhang, JW; Chen, T				Gu, Jincui; Xiao, Peng; Chen, Peng; Zhang, Lei; Wang, Hanlin; Dai, Liwei; Song, Liping; Huang, Youju; Zhang, Jiawei; Chen, Tao			Functionalization of Biodegradable PLA Nonwoven Fabric as Superoleophilic and Superhydrophobic Material for Efficient Oil Absorption and Oil/Water Separation	ACS APPLIED MATERIALS & INTERFACES																Zhang, Lei/V-9041-2018; Huang, Youju/A-9477-2011; Huang, Youju/AAM-5064-2020; Chen, Tao/G-5925-2010; W, YS/A-5452-2018	Chen, Tao/0000-0001-9704-9545; 												1944-8244					FEB 22	2017	9	7					5968	5973		10.1021/acsami.6b13547							WOS:000394829800034	28135056					
J	Xing, RZ; Huang, RL; Qi, W; Su, RX; He, ZM				Xing, Ruizhe; Huang, Renliang; Qi, Wei; Su, Rongxin; He, Zhimin			Three-dimensionally printed bioinspired superhydrophobic PLA membrane for oil-water separation	AICHE JOURNAL																Su, Rongxin/B-6634-2014; Su, Rongxin/AAA-7967-2021; Huang, Renliang/C-2037-2013	Su, Rongxin/0000-0001-9778-9113; Su, Rongxin/0000-0001-9778-9113; Huang, Renliang/0000-0003-0797-3473; Xing, Ruizhe/0000-0002-3651-376X												0001-1541	1547-5905				OCT	2018	64	10					3700	3708		10.1002/aic.16347							WOS:000443674900013						
J	Lu, J; Cui, CF; Yu, QH; Su, JJ; Han, J				Lu, Jun; Cui, Chaofan; Yu, Qihao; Su, Juanjuan; Han, Jian			Robustly superhydrophobic polylactic acid nonwoven membranes for efficient oil/water separation	JOURNAL OF POROUS MATERIALS																													1380-2224	1573-4854															10.1007/s10934-021-01160-7		OCT 2021					WOS:000706033000001						
J	Gao, AL; Liu, F; Xiong, Z; Yang, Q				Gao, Ailin; Liu, Fu; Xiong, Zhu; Yang, Qing			Tunable adhesion of superoleophilic/superhydrophobic poly (lactic acid) membrane for controlled-release of oil soluble drugs	JOURNAL OF COLLOID AND INTERFACE SCIENCE																Xiong, Zhu/ABB-9677-2021	Gao, Ailin/0000-0001-9523-9142; Liu, Fu/0000-0003-0041-1873												0021-9797	1095-7103				NOV 1	2017	505						49	58		10.1016/j.jcis.2017.05.071							WOS:000410464100008	28558292					
J	Lee, KM; Park, H; Kim, J; Chun, DM				Lee, Kyong-Min; Park, Hani; Kim, Jihun; Chun, Doo-Man			Fabrication of a superhydrophobic surface using a fused deposition modeling (FDM) 3D printer with poly lactic acid (PLA) filament and dip coating with silica nanoparticles	APPLIED SURFACE SCIENCE																Chun, Doo-Man/AAT-6079-2021; cai, yuanyuan/C-6301-2014; Chun, Doo-Man/A-8422-2012	Chun, Doo-Man/0000-0002-7681-2924; Chun, Doo-Man/0000-0002-7681-2924												0169-4332	1873-5584				FEB 15	2019	467						979	991		10.1016/j.apsusc.2018.10.205							WOS:000451023500113						
J	Wang, XW; Chen, DC; Zhang, M; Hu, HW				Wang, Xiaowen; Chen, Dongchu; Zhang, Min; Hu, Huawen			Biodegradable Polylactide/TiO2 Composite Fiber Scaffolds with Superhydrophobic and Superadhesive Porous Surfaces for Water Immobilization, Antibacterial Performance, and Deodorization	POLYMERS																														2073-4360				NOV	2019	11	11							1860	10.3390/polym11111860							WOS:000503279200132	31718022					
J	Fan, GC; Diao, YH; Huang, BL; Yang, HG; Liu, XY; Chen, JZ				Fan, Guochao; Diao, Yunhe; Huang, Beili; Yang, Huige; Liu, Xuying; Chen, Jinzhou			Preparation of superhydrophobic and superoleophilic polylactic acid nonwoven filter for oil/Water separation	JOURNAL OF DISPERSION SCIENCE AND TECHNOLOGY																	liu, xuying/0000-0001-9190-4651												0193-2691	1532-2351				JAN 28	2020	41	2					289	296		10.1080/01932691.2019.1571926							WOS:000508917400014						
J	Su, YZ; Zhao, YQ; Zheng, WG; Yu, HW; Liu, YF; Xu, LQ				Su, Yaozhuo; Zhao, Yongqing; Zheng, Wenge; Yu, Hongwei; Liu, Yinfeng; Xu, Linqiong			Asymmetric Sc-PLA Membrane with Multi-scale Microstructures: Wettability, Antifouling, and Oil-Water Separation	ACS APPLIED MATERIALS & INTERFACES																													1944-8244	1944-8252				DEC 9	2020	12	49					55520	55526		10.1021/acsami.0c17545							WOS:000599505200129	33231417					
J	Zhong, LQ; Gong, X				Zhong, Lingqi; Gong, Xiao			Phase separation-induced superhydrophobic polylactic acid films	SOFT MATTER																													1744-683X	1744-6848				DEC 14	2019	15	46					9500	9506		10.1039/c9sm01624d							WOS:000502539900008	31702749					
J	Seong, KW; Ryu, YS; Kim, IS; Kim, SH				Seong, Ki Woong; Ryu, Yeon Sung; Kim, Ick-Soo; Kim, Seong Hun			Fabrication of superhydrophobic polylactide films with ultraviolet-shielding properties	JOURNAL OF APPLIED POLYMER SCIENCE																Kim, Ick Soo/N-1568-2015; Kim, Seong Hun/AAQ-1582-2020													0021-8995	1097-4628				AUG 15	2019	136	31							47760	10.1002/app.47760							WOS:000468488300001						
J	Ortner, A; Pellis, A; Gamerith, C; Yebra, AO; Scaini, D; Kaluzna, I; Mink, D; de Wildeman, S; Acero, EH; Guebitz, GM				Ortner, A.; Pellis, A.; Gamerith, C.; Yebra, A. Orcal; Scaini, D.; Kaluzna, I.; Mink, D.; de Wildeman, S.; Acero, E. Herrero; Guebitz, G. M.			Superhydrophobic functionalization of cutinase activated poly(lactic acid) surfaces	GREEN CHEMISTRY																Guebitz, Georg/AAW-1868-2021; Pellis, Alessandro/J-4720-2019; Herrero Acero, Enrique/A-9837-2013	Guebitz, Georg/0000-0003-2262-487X; Pellis, Alessandro/0000-0003-3711-3087; Herrero Acero, Enrique/0000-0001-7122-9353; Scaini, Denis/0000-0001-8398-8074												1463-9262	1463-9270				FEB 7	2017	19	3					816	822		10.1039/c6gc03150a							WOS:000395630000031						
J	Chang, YF; Liu, XY; Yang, HG; Zhang, L; Cui, Z; Niu, MJ; Liu, HZ; Chen, JZ				Chang, Yafang; Liu, Xuying; Yang, Huige; Zhang, Li; Cui, Zhe; Niu, Mingjun; Liu, Hongzhi; Chen, Jinzhou			Nonsolvent-assisted fabrication of multi-scaled polylactide as superhydrophobic surfaces	SOFT MATTER																Liu, Hongzhi/F-6776-2018	Liu, Hongzhi/0000-0002-1725-0976; liu, xuying/0000-0001-9190-4651												1744-683X	1744-6848					2016	12	10					2766	2772		10.1039/c6sm00079g							WOS:000371743400014	26860288					
J	Pardo-Figuerez, M; Lopez-Cordoba, A; Torres-Giner, S; Lagaron, JM				Pardo-Figuerez, Maria; Lopez-Cordoba, Alex; Torres-Giner, Sergio; Lagaron, Jose M.			Superhydrophobic Bio-Coating Made by Co-Continuous Electrospinning and Electrospraying on Polyethylene Terephthalate Films Proposed as Easy Emptying Transparent Food Packaging	COATINGS																Torres-Giner, Sergio/M-6422-2019; Lopez-Cordoba, Alex/A-1368-2015	Torres-Giner, Sergio/0000-0001-9071-9542; Lopez-Cordoba, Alex/0000-0003-2434-5743; LAGARON, Jose/0000-0002-0502-359X; Pardo-Figuerez, Maria/0000-0003-4856-8220												2079-6412					OCT	2018	8	10							364	10.3390/coatings8100364							WOS:000448545400036						
J	Shi, JW; Zhang, L; Xiao, P; Huang, YJ; Chen, P; Wang, XF; Gu, JC; Zhang, JW; Chen, T				Shi, Jiangwei; Zhang, Lei; Xiao, Peng; Huang, Youju; Chen, Peng; Wang, Xuefen; Gu, Jincui; Zhang, Jiawei; Chen, Tao			Biodegradable PLA Nonwoven Fabric with Controllable Wettability for Efficient Water Purification and Photocatalysis Degradation	ACS SUSTAINABLE CHEMISTRY & ENGINEERING																Huang, Youju/A-9477-2011; Huang, Youju/AAM-5064-2020; Chen, Tao/G-5925-2010; Zhang, Lei/V-9041-2018	Chen, Tao/0000-0001-9704-9545; Huang, Youju/0000-0001-5815-9784												2168-0485					FEB	2018	6	2					2445	2452		10.1021/acssuschemeng.7b03897							WOS:000424728300099						
J	Ye, ZM; Chen, YC; Yang, XY; Hu, W; Ye, H				Ye, Ziming; Chen, Yichi; Yang, Xiaoyu; Hu, Wei; Ye, Hui			Development of perfluoropolyether modified raspberry paticles with fine hierarchical structure and their application in superhydrophobic surface	COLLOIDS AND SURFACES A-PHYSICOCHEMICAL AND ENGINEERING ASPECTS																													0927-7757	1873-4359				FEB 5	2017	514						251	259		10.1016/j.colsurfa.2016.11.063							WOS:000390366400029						
J	Xing, RZ; Yang, BH; Huang, RL; Qi, W; Su, RX; Binks, BP; He, ZM				Xing, Ruizhe; Yang, Bohao; Huang, Renliang; Qi, Wei; Su, Rongxin; Binks, Bernard P.; He, Zhimin			Three-Dimensionally Printed Bioinspired Superhydrophobic Packings for Oil-in-Water Emulsion Separation	LANGMUIR																Su, Rongxin/AAA-7967-2021; Su, Rongxin/B-6634-2014; Huang, Renliang/C-2037-2013	Su, Rongxin/0000-0001-9778-9113; Su, Rongxin/0000-0001-9778-9113; Xing, Ruizhe/0000-0002-3651-376X; Huang, Renliang/0000-0003-0797-3473												0743-7463					OCT 1	2019	35	39					12799	12806		10.1021/acs.langmuir.9b02131							WOS:000488993300023	31475528					
J	Zeng, QT; Ma, PM; Lai, DH; Lai, XJ; Zeng, XR; Li, HQ				Zeng, Qingtao; Ma, Piming; Lai, Dehui; Lai, Xuejun; Zeng, Xingrong; Li, Hongqiang			Superhydrophobic reduced graphene oxide@poly(lactic acid) foam with electrothermal effect for fast separation of viscous crude oil	JOURNAL OF MATERIALS SCIENCE																Li, Hongqiang/C-4307-2017	Li, Hongqiang/0000-0002-1191-2203												0022-2461	1573-4803				JUL	2021	56	19					11266	11277		10.1007/s10853-021-06029-3		MAR 2021					WOS:000634650900009						
J	Li, WC; Yu, QQ; Yao, H; Zhu, Y; Topham, PD; Yue, K; Ren, L; Wang, LG				Li, Weichang; Yu, Qianqian; Yao, Hang; Zhu, Yue; Topham, Paul D.; Yue, Kan; Ren, Li; Wang, Linge			Superhydrophobic hierarchical fiber/bead composite membranes for efficient treatment of burns	ACTA BIOMATERIALIA																; Topham, Paul/F-2265-2011	Wang, Linge/0000-0002-5534-5466; Topham, Paul/0000-0003-4152-6976												1742-7061	1878-7568				JUL 1	2019	92						60	70		10.1016/j.actbio.2019.05.025							WOS:000473380800005	31096044					
J	Gao, AL; Zhao, YQ; Yang, Q; Fu, YY; Xue, LX				Gao, Ailin; Zhao, Yongqing; Yang, Qing; Fu, Yinyi; Xue, Lixin			Facile preparation of patterned petal-like PLA surfaces with tunable water micro-droplet adhesion properties based on stereo-complex co-crystallization from non-solvent induced phase separation processes	JOURNAL OF MATERIALS CHEMISTRY A																	Gao, Ailin/0000-0001-9523-9142												2050-7488	2050-7496				AUG 21	2016	4	31					12058	12064		10.1039/c6ta02794f							WOS:000382095100010						
J	Daskalova, A; Angelova, L; Filipov, E; Aceti, D; Mincheva, R; Carrete, X; Kerdjoudj, H; Dubus, M; Chevrier, J; Trifonov, A; Buchvarov, I				Daskalova, Albena; Angelova, Liliya; Filipov, Emil; Aceti, Dante; Mincheva, Rosica; Carrete, Xavier; Kerdjoudj, Halima; Dubus, Marie; Chevrier, Julie; Trifonov, Anton; Buchvarov, Ivan			Biomimetic Hierarchical Structuring of PLA by Ultra-Short Laser Pulses for Processing of Tissue Engineered Matrices: Study of Cellular and Antibacterial Behavior	POLYMERS																	Daskalova, Albena/0000-0003-1131-6900; Mincheva, Rosica/0000-0002-0479-9978; Angelova, Liliya/0000-0002-1702-862X; Trifonov, Anton/0000-0002-1640-4849; KERDJOUDJ, Halima/0000-0002-8072-9728; Dubus, Marie/0000-0002-1563-9937; Aceti, Dante Maria/0000-0003-0208-532X													2073-4360				AUG	2021	13	15							2577	10.3390/polym13152577							WOS:000682290000001	34372179					
J	Wang, XL; Pan, YM; Liu, XH; Liu, H; Li, N; Liu, CT; Schubert, DW; Shen, CY				Wang, Xiaolong; Pan, Yamin; Liu, Xianhu; Liu, Hu; Li, Ning; Liu, Chuntai; Schubert, Dirk W.; Shen, Changyu			Facile Fabrication of Superhydrophobic and Eco-Friendly Poly(lactic acid) Foam for Oil-Water Separation via Skin Peeling	ACS APPLIED MATERIALS & INTERFACES																Li, Ning/AAF-2901-2019; Liu, Chun-Tai/E-7559-2016; Liu, Xianhu/AAE-7820-2019; Liu, Hu/R-7153-2018	Li, Ning/0000-0003-1208-4638; Liu, Chun-Tai/0000-0001-9751-6270; Liu, Xianhu/0000-0002-4975-3586; Liu, Hu/0000-0003-3840-8135												1944-8244	1944-8252				APR 17	2019	11	15					14362	14367		10.1021/acsami.9b02285							WOS:000465189000061	30916921					
J	Gore, PM; Kandasubramanian, B				Gore, Prakash M.; Kandasubramanian, Balasubramanian			Heterogeneous wettable cotton based superhydrophobic Janus biofabric engineered with PLA/functionalized-organoclay microfibers for efficient oil-water separation	JOURNAL OF MATERIALS CHEMISTRY A																Kandasubramanian, Balasubramanian/M-2709-2014; Gore, Prakash/AAB-2450-2019; Gore, Prakash/AAB-2417-2019	Gore, Prakash/0000-0002-3993-8763; Kandasubramanian, Balasubramanian/0000-0003-4257-8807												2050-7488	2050-7496				MAY 7	2018	6	17					7457	7479		10.1039/c7ta11260b							WOS:000431621700018						
J	Ge, YY; Cheng, JB; Wang, XY; Xue, L; Zhu, SS; Zhang, BS; Hong, S; Wu, YP; Zhang, XC; Liang, XB				Ge, Yunyun; Cheng, Jiangbo; Wang, Xiuyu; Xue, Lin; Zhu, ShuaiShuai; Zhang, Baosen; Hong, Sheng; Wu, Yuping; Zhang, Xiancheng; Liang, Xiu-Bing			Formation and Properties of Superhydrophobic Al Coatings on Steel	ACS OMEGA																													2470-1343					JUL 20	2021	6	28					18383	18394		10.1021/acsomega.1c02299							WOS:000677481800059	34308069					
J	Zeng, QT; Ma, PM; Su, XJ; Lai, DH; Lai, XJ; Zeng, XR; Li, HQ				Zeng, Qingtao; Ma, Piming; Su, Xiaojing; Lai, Dehui; Lai, Xuejun; Zeng, Xingrong; Li, Hongqiang			Facile Fabrication of Superhydrophobic and Magnetic Poly(lactic acid) Nonwoven Fabric for Oil-Water Separation	INDUSTRIAL & ENGINEERING CHEMISTRY RESEARCH																Li, Hongqiang/C-4307-2017	Li, Hongqiang/0000-0002-1191-2203												0888-5885					MAY 13	2020	59	19					9127	9135		10.1021/acs.iecr.0c01033							WOS:000535251500023						
J	Shen, LY; Wang, X; Zhang, ZH; Jin, XX; Jiang, M; Zhang, JM				Shen, Lingyi; Wang, Xia; Zhang, Zhaohang; Jin, Xiaoxiao; Jiang, Min; Zhang, Jianming			Design and Fabrication of the Evolved Zeolitic Imidazolate Framework-Modified Polylactic Acid Nonwoven Fabric for Efficient Oil/Water Separation	ACS APPLIED MATERIALS & INTERFACES																	Jiang, Min/0000-0002-7905-9544												1944-8244	1944-8252				MAR 31	2021	13	12					14666	14674		10.1021/acsami.0c22090							WOS:000636686200076	33729759					
J	Vrsaljko, D; Grcic, I; Guyon, C; Schelcher, G; Tatoulian, M				Vrsaljko, Domagoj; Grcic, Ivana; Guyon, Cedric; Schelcher, Guillaume; Tatoulian, Michael			Designing Hydrophobicity of the PLA Polymer Blend Surfaces by ICP Etching	PLASMA PROCESSES AND POLYMERS																Vrsaljko, Domagoj/AAH-5263-2019	Vrsaljko, Domagoj/0000-0003-1383-5376; Grcic, Ivana/0000-0003-3730-8431												1612-8850	1612-8869				SEP	2016	13	9					869	878		10.1002/ppap.201500218							WOS:000383613000002						
J	Zou, J; Lu, MK; Chen, S; Cai, CD; Yao, ZX; Cui, WG; Fan, CY; Liu, S				Zou, Jian; Lu, Mingkuan; Chen, Shuai; Cai, Chuandong; Yao, Zhixiao; Cui, Wenguo; Fan, Cunyi; Liu, Shen			Beeswax-inspired superhydrophobic electrospun membranes for peritendinous anti-adhesion	MATERIALS SCIENCE & ENGINEERING C-MATERIALS FOR BIOLOGICAL APPLICATIONS																fan, cunyi/ABI-7199-2020	fan, cunyi/0000-0002-7854-5233												0928-4931	1873-0191				NOV	2020	116								111166	10.1016/j.msec.2020.111166							WOS:000563934100008	32806293					
J	Tang, PF; Zhang, W; Wang, Y; Zhang, BX; Wang, H; Lin, CJ; Zhang, LH				Tang, Peifu; Zhang, Wei; Wang, Yan; Zhang, Boxun; Wang, Hao; Lin, Changjian; Zhang, Lihai			Effect of Superhydrophobic Surface of Titanium on Staphylococcus aureus Adhesion	JOURNAL OF NANOMATERIALS																Lin, Changjian/G-3392-2010													1687-4110	1687-4129					2011	2011								178921	10.1155/2011/178921							WOS:000294631800001						
J	Eang, C; Opaprakasit, P				Eang, Chorney; Opaprakasit, Pakorn			Electrospun Nanofibers with Superhydrophobicity Derived from Degradable Polylactide for Oil/Water Separation Applications	JOURNAL OF POLYMERS AND THE ENVIRONMENT																Opaprakasit, Pakorn/AAA-1149-2021; Opaprakasit, Pakorn/A-3019-2009	Opaprakasit, Pakorn/0000-0003-1490-8258; 												1566-2543	1572-8919				MAY	2020	28	5					1484	1491		10.1007/s10924-020-01704-z		MAR 2020					WOS:000520795500002						
J	Chen, Y; Gao, XR; Huang, HD; Xu, L; Ji, X; Zhong, GJ; Lin, H; Li, ZM				Chen, Yuan; Gao, Xin-Rui; Huang, Hua-Dong; Xu, Ling; Ji, Xu; Zhong, Gan-Ji; Lin, Hao; Li, Zhong-Ming			Superhydrophobic, Self-Cleaning, and Robust Properties of Oriented Polylactide Imparted by Surface Structuring	ACS SUSTAINABLE CHEMISTRY & ENGINEERING																													2168-0485					MAY 10	2021	9	18					6296	6304		10.1021/acssuschemeng.1c00026							WOS:000651053000015						
J	Yang, HD; Ji, FC; Li, Z; Tao, S				Yang, Huadong; Ji, Fengchao; Li, Zhen; Tao, Shuai			Preparation of Hydrophobic Surface on PLA and ABS by Fused Deposition Modeling	POLYMERS																	Yang, Huadong/0000-0002-5432-9245													2073-4360				JUL	2020	12	7							1539	10.3390/polym12071539							WOS:000558027600001	32664645					
J	Yilmaz, SS; Aytac, A				Yilmaz, Sema Samatya; Aytac, Ayse			The effect of different compatibilizers on the properties of prepared poly(lactic acid)/polyurethane nanofibers by electrospinning	JOURNAL OF INDUSTRIAL TEXTILES																Aytac, Ayse/V-4727-2017	Aytac, Ayse/0000-0002-9566-7881												1528-0837	1530-8057														15280837211029051	10.1177/15280837211029051		JUL 2021					WOS:000675170100001						
J	Zhu, CX; Jiang, W; Hu, JL; Sun, P; Li, AM; Zhang, QX				Zhu, Chenxi; Jiang, Wei; Hu, Jinglei; Sun, Ping; Li, Aimin; Zhang, Quanxing			Polylactic Acid Nonwoven Fabric Surface Modified with Stereocomplex Crystals for Recyclable Use in Oil/Water Separation	ACS APPLIED POLYMER MATERIALS																	Jiang, Wei/0000-0001-5518-559X												2637-6105					JUL 10	2020	2	7					2509	2516		10.1021/acsapm.9b01197							WOS:000552638400004						
J	Toosi, SF; Moradi, S; Ebrahimi, M; Hatzikiriakos, SG				Toosi, Salma Falah; Moradi, Sona; Ebrahimi, Marzieh; Hatzikiriakos, Savvas G.			Microfabrication of polymeric surfaces with extreme wettability using hot embossing	APPLIED SURFACE SCIENCE																Hatzikiriakos, Savvas/AAD-2672-2019	Hatzikiriakos, Savvas/0000-0002-1456-7927												0169-4332	1873-5584				AUG 15	2016	378						426	434		10.1016/j.apsusc.2016.03.116							WOS:000376819200055						
J	Zhang, P; Tian, RP; Lv, RH; Na, B; Liu, QX				Zhang, Peng; Tian, Renping; Lv, Ruihua; Na, Bing; Liu, Qingxian			Water-permeable polylactide blend membranes for hydrophilicity-based separation	CHEMICAL ENGINEERING JOURNAL																													1385-8947	1873-3212				JUN 1	2015	269						180	185		10.1016/j.cej.2015.01.111							WOS:000351800500019						
J	Zhou, ZX; Liu, LJ; Yuan, WZ				Zhou, Zixuan; Liu, Lejing; Yuan, Weizhong			A superhydrophobic poly(lactic acid) electrospun nanofibrous membrane surface-functionalized with TiO2 nanoparticles and methyltrichlorosilane for oil/water separation and dye adsorption	NEW JOURNAL OF CHEMISTRY																													1144-0546	1369-9261				OCT 21	2019	43	39					15823	15831		10.1039/c9nj03576a							WOS:000489157400034						
J	Wang, YT; Yang, HG; Liu, HZ; Zhang, L; Duan, RX; Liu, XY; Chen, JZ				Wang, Yongtao; Yang, Huige; Liu, Hongzhi; Zhang, Li; Duan, Ruixia; Liu, Xuying; Chen, Jinzhou			Controllable domain morphology in coated poly(lactic acid) films for high-efficiency and high-precision transportation of water droplet arrays	RSC ADVANCES																Liu, Hongzhi/F-6776-2018	Liu, Hongzhi/0000-0002-1725-0976; liu, xuying/0000-0001-9190-4651; Wang, Yongtao/0000-0003-0168-2173												2046-2069						2017	7	84					53525	53531		10.1039/c7ra09283k							WOS:000416049900059						
J	Toosi, SF; Moradi, S; Hatzikiriakos, SG				Toosi, Salma Falah; Moradi, Sona; Hatzikiriakos, Savvas G.			Fabrication of Micro/Nano Patterns on Polymeric Substrates Using Laser Ablation Methods to Control Wettability Behaviour: A Critical Review	REVIEWS OF ADHESION AND ADHESIVES																Hatzikiriakos, Savvas/AAD-2672-2019	Hatzikiriakos, Savvas/0000-0002-1456-7927												2168-0965	2168-0973				MAR	2017	5	1					55	78		10.7569/RAA.2017.097302							WOS:000401920300002						
J	Thitsartarn, W; Jinkarn, T				Thitsartarn, W.; Jinkarn, T.			Superhydrophobicity of paperboard packaging by hierarchical surface roughness modification of polylactic acid electrospraying	PROGRESS IN ORGANIC COATINGS																													0300-9440	1873-331X				MAY	2021	154								106192	10.1016/j.porgcoat.2021.106192							WOS:000636247800007						
J	Ryu, YS; Kim, SH				Ryu, Yeon Sung; Kim, Seong Hun			Research of polylactide porous hollow nanofiber membrane with high selective absorption characteristics	JOURNAL OF APPLIED POLYMER SCIENCE																Kim, Seong Hun/AAQ-1582-2020													0021-8995	1097-4628				JUN 15	2020	137	23							e49132	10.1002/app.49132		FEB 2020					WOS:000513285000001						
J	Zhang, D; Jin, XZ; Huang, T; Zhang, N; Qi, XD; Yang, JH; Zhou, ZW; Wang, Y				Zhang, Di; Jin, Xin-Zheng; Huang, Ting; Zhang, Nan; Qi, Xiao-dong; Yang, Jing-hui; Zhou, Zuo-wan; Wang, Yong			Electrospun Fibrous Membranes with Dual-Scaled Porous Structure: Super Hydrophobicity, Super Lipophilicity, Excellent Water Adhesion, and Anti-Icing for Highly Efficient Oil Adsorption/Separation	ACS APPLIED MATERIALS & INTERFACES																Wang, Yong/F-9540-2013	Wang, Yong/0000-0003-0655-7507												1944-8244	1944-8252				FEB 6	2019	11	5					5073	5083		10.1021/acsami.8b19523							WOS:000458347900039	30640421					
J	Yang, Y; Lai, YK; Zhang, QQ; Wu, K; Zhang, LH; Lin, CJ; Tang, PF				Yang, Yun; Lai, Yuekun; Zhang, Qiqing; Wu, Ke; Zhang, Lihai; Lin, Changjian; Tang, Peifu			A novel electrochemical strategy for improving blood compatibility of titanium-based biomaterials	COLLOIDS AND SURFACES B-BIOINTERFACES																Lin, Changjian/G-3392-2010; Huang, Jianying/J-1722-2017; Lai, Yuekun/A-9429-2010; Zhang, QQ/G-3361-2010	Huang, Jianying/0000-0003-0515-9523; Lai, Yuekun/0000-0003-4100-510X; Tang, Peifu/0000-0003-4279-1704												0927-7765	1873-4367				AUG 1	2010	79	1					309	313		10.1016/j.colsurfb.2010.04.013							WOS:000278882600043	20466524					
J	Makowski, T; Svyntkivska, M; Piorkowska, E; Kregiel, D				Makowski, Tomasz; Svyntkivska, Mariia; Piorkowska, Ewa; Kregiel, Dorota			Multifunctional polylactide nonwovens with 3D network of multiwall carbon nanotubes	APPLIED SURFACE SCIENCE																	Piorkowska, Ewa/0000-0002-9232-9465; Makowski, Tomasz/0000-0001-6480-6108; Svyntkivska, Mariia/0000-0001-6395-6542												0169-4332	1873-5584				OCT 15	2020	527								146898	10.1016/j.apsusc.2020.146898							WOS:000564207100012						
J	Nie, Y; Ma, SY; Tian, MZ; Zhang, Q; Huang, JK; Cao, MW; Li, YQ; Sun, L; Pan, J; Wang, YM; Bi, PY; Xu, HL; Zeng, JB; Wang, SJ; Xia, YQ				Nie, Yan; Ma, Shengyan; Tian, Maozhang; Zhang, Qun; Huang, Jiankun; Cao, Meiwen; Li, Yuqi; Sun, Lu; Pan, Jie; Wang, Yuming; Bi, Pengyu; Xu, Hualong; Zeng, Jingbin; Wang, Shengjie; Xia, Yongqing			Superhydrophobic silane-based surface coatings on metal surface with nanoparticles hybridization to enhance anticorrosion efficiency, wearing resistance and antimicrobial ability	SURFACE & COATINGS TECHNOLOGY																													0257-8972	1879-3347				MAR 25	2021	410								126966	10.1016/j.surfcoat.2021.126966							WOS:000655539400035						
J	Alaman, J; Lopez-Villuendas, AM; Lopez-Valdeolivas, M; Arroyo, MP; Andres, N; Sanchez-Somolinos, C				Alaman, Jorge; Maria Lopez-Villuendas, Ana; Lopez-Valdeolivas, Maria; Pilar Arroyo, Maria; Andres, Nieves; Sanchez-Somolinos, Carlos			Facile fabrication of microlenses with controlled geometrical characteristics by inkjet printing on nanostructured surfaces prepared by combustion chemical vapour deposition	APPLIED SURFACE SCIENCE																Sanchez Somolinos, Carlos/R-1478-2016; Arroyo de Grandes, Maria del Pilar/F-8635-2016	Sanchez Somolinos, Carlos/0000-0003-3900-2866; /0000-0003-2639-3562; Arroyo de Grandes, Maria del Pilar/0000-0001-5935-897X; Lopez-Villuendas, Ana Maria/0000-0002-7784-416X												0169-4332	1873-5584				APR 30	2020	510								145422	10.1016/j.apsusc.2020.145422							WOS:000514902000049						
J	Knoch, S; Chouinard, G; Dumont, MJ; Tavares, JR				Knoch, Simon; Chouinard, Gerald; Dumont, Marie-Josee; Tavares, Jason R.			Dip-dip-dry: Solvent-induced tuning of polylactic acid surface properties	COLLOIDS AND SURFACES A-PHYSICOCHEMICAL AND ENGINEERING ASPECTS																Tavares, Jason R/E-8474-2011													0927-7757	1873-4359				OCT 5	2019	578								123591	10.1016/j.colsurfa.2019.123591							WOS:000480434700024						
J	Zhang, LC; Zhang, LH; Yang, Y; Zhang, W; Lv, HC; Yang, F; Lin, CJ; Tang, PF				Zhang, Licheng; Zhang, Lihai; Yang, Yun; Zhang, Wei; Lv, Houchen; Yang, Fei; Lin, Changjian; Tang, Peifu			Inhibitory effect of super-hydrophobicity on silver release and antibacterial properties of super-hydrophobic Ag/TiO2 nanotubes	JOURNAL OF BIOMEDICAL MATERIALS RESEARCH PART B-APPLIED BIOMATERIALS																Lin, Changjian/G-3392-2010	Zhang, Lihai/0000-0003-3172-6309; Tang, Peifu/0000-0003-4279-1704												1552-4973	1552-4981				JUL	2016	104	5					1004	1012		10.1002/jbm.b.33454							WOS:000378631600017	25995046					
J	Casas, C; Bou, J; Olle, L; Bacardit, A				Casas, Concepcio; Bou, Jordi; Olle, Luis; Bacardit, Anna			Development of Nanocomposites with Self-Cleaning Properties for Textile and Leather	JOURNAL OF THE SOCIETY OF LEATHER TECHNOLOGISTS AND CHEMISTS																Bacardit, Anna/AAD-1598-2019													0144-0322					JAN-FEB	2018	102	1					33	41									WOS:000427627100006						
